{"cameraMode":{"drawMode":0,"name":"Shaded","section":"Shading Mode"},"sceneLighting":false,"audioPlay":false,"sceneViewState":{"showFog":true,"showMaterialUpdate":false,"showSkybox":false,"showFlares":true,"showImageEffects":true,"showParticleSystems":true},"in2DMode":false,"pivot":{"x":389.5546875,"y":161.73834228515626,"z":6.785274505615234},"rotation":{"x":0.04154366999864578,"y":-0.08024629205465317,"z":-0.0033475367818027736,"w":-0.9959031939506531},"size":440.9071350097656,"orthographic":false}