{"cameraMode":{"drawMode":0,"name":"Shaded","section":"Shading Mode"},"sceneLighting":false,"audioPlay":false,"sceneViewState":{"showFog":true,"showMaterialUpdate":false,"showSkybox":false,"showFlares":true,"showImageEffects":true,"showParticleSystems":true},"in2DMode":false,"pivot":{"x":0.2135009765625,"y":0.1873779296875,"z":0.23834228515625},"rotation":{"x":0.17118556797504426,"y":-0.07234777510166168,"z":0.012589065358042717,"w":0.9825089573860169},"size":0.5634307861328125,"orthographic":true}