{"cameraMode":{"drawMode":0,"name":"Shaded","section":"Shading Mode"},"sceneLighting":false,"audioPlay":false,"sceneViewState":{"showFog":true,"showMaterialUpdate":false,"showSkybox":false,"showFlares":true,"showImageEffects":true,"showParticleSystems":true},"in2DMode":false,"pivot":{"x":0.28144562244415285,"y":-0.49800002574920657,"z":0.0710461437702179},"rotation":{"x":0.03257586807012558,"y":-0.8289636373519898,"z":0.04855083301663399,"w":0.5562503337860107},"size":0.3042425215244293,"orthographic":true}