{"cameraMode":{"drawMode":0,"name":"Shaded","section":"Shading Mode"},"sceneLighting":false,"audioPlay":false,"sceneViewState":{"showFog":true,"showMaterialUpdate":false,"showSkybox":false,"showFlares":true,"showImageEffects":true,"showParticleSystems":true},"in2DMode":false,"pivot":{"x":0.28761497139930727,"y":-0.14899998903274537,"z":0.08638902008533478},"rotation":{"x":-0.0072877248749136929,"y":-0.23651859164237977,"z":-0.0017725381767377258,"w":0.971604585647583},"size":0.6386843323707581,"orthographic":true}