{"cameraMode":{"drawMode":0,"name":"Shaded","section":"Shading Mode"},"sceneLighting":true,"audioPlay":false,"sceneViewState":{"showFog":true,"showMaterialUpdate":false,"showSkybox":true,"showFlares":true,"showImageEffects":true,"showParticleSystems":true},"in2DMode":false,"pivot":{"x":-0.109466552734375,"y":1.45294189453125,"z":2.16552734375},"rotation":{"x":-0.2597297728061676,"y":0.2407485544681549,"z":-0.06684096157550812,"w":-0.9328609704971314},"size":3.289130687713623,"orthographic":true}