{"cameraMode":{"drawMode":0,"name":"Shaded","section":"Shading Mode"},"sceneLighting":false,"audioPlay":false,"sceneViewState":{"showFog":true,"showMaterialUpdate":false,"showSkybox":false,"showFlares":true,"showImageEffects":true,"showParticleSystems":true},"in2DMode":false,"pivot":{"x":0.2541466951370239,"y":0.18400001525878907,"z":0.24084505438804627},"rotation":{"x":-0.0072877248749136929,"y":-0.23651859164237977,"z":-0.0017725381767377258,"w":0.971604585647583},"size":1.150735855102539,"orthographic":true}