{"cameraMode":{"drawMode":0,"name":"Shaded","section":"Shading Mode"},"sceneLighting":false,"audioPlay":false,"sceneViewState":{"showFog":true,"showMaterialUpdate":false,"showSkybox":false,"showFlares":true,"showImageEffects":true,"showParticleSystems":true},"in2DMode":false,"pivot":{"x":0.045499980449676517,"y":-0.036299943923950198,"z":0.9388140439987183},"rotation":{"x":-0.06156313046813011,"y":-0.08197164535522461,"z":0.0050652772188186649,"w":-0.9947255849838257},"size":4.247648239135742,"orthographic":false}