{"cameraMode":{"drawMode":0,"name":"Shaded","section":"Shading Mode"},"sceneLighting":false,"audioPlay":false,"sceneViewState":{"showFog":true,"showMaterialUpdate":false,"showSkybox":false,"showFlares":true,"showImageEffects":true,"showParticleSystems":true},"in2DMode":false,"pivot":{"x":176.53439331054688,"y":130.1082000732422,"z":0.0699230432510376},"rotation":{"x":0.04154366999864578,"y":-0.08024629205465317,"z":-0.0033475367818027736,"w":-0.9959031939506531},"size":1195.5107421875,"orthographic":false}