{"cameraMode":{"drawMode":0,"name":"Shaded","section":"Shading Mode"},"sceneLighting":false,"audioPlay":false,"sceneViewState":{"showFog":true,"showMaterialUpdate":false,"showSkybox":false,"showFlares":true,"showImageEffects":true,"showParticleSystems":true},"in2DMode":false,"pivot":{"x":0.267303466796875,"y":-0.11956787109375,"z":0.103515625},"rotation":{"x":-0.047779809683561328,"y":0.9474425911903381,"z":-0.1694711148738861,"w":-0.26712027192115786},"size":0.3748614192008972,"orthographic":true}