{"cameraMode":{"drawMode":0,"name":"Shaded","section":"Shading Mode"},"sceneLighting":false,"audioPlay":false,"sceneViewState":{"showFog":true,"showMaterialUpdate":false,"showSkybox":false,"showFlares":true,"showImageEffects":true,"showParticleSystems":true},"in2DMode":false,"pivot":{"x":0.27728271484375,"y":0.45361328125,"z":0.18896484375},"rotation":{"x":-0.17694665491580964,"y":-0.8130349516868591,"z":0.4563892185688019,"w":-0.31526878476142886},"size":0.2698158323764801,"orthographic":true}