{"cameraMode":{"drawMode":0,"name":"Shaded","section":"Shading Mode"},"sceneLighting":false,"audioPlay":false,"sceneViewState":{"showFog":true,"showMaterialUpdate":false,"showSkybox":false,"showFlares":true,"showImageEffects":true,"showParticleSystems":true},"in2DMode":false,"pivot":{"x":0.2632196247577667,"y":-0.5222974419593811,"z":0.1259670853614807},"rotation":{"x":-0.686221182346344,"y":-0.2450544387102127,"z":-0.26655465364456179,"w":0.6308706998825073},"size":0.841141402721405,"orthographic":false}